idx,question,gold_answer,predicted_answer,is_correct,num_steps,num_rag_steps,initial_mc,final_mc,has_citation
0,Which magazine was started first Arthur's Magazine or First for Women?,Arthur's Magazine,"Thought: Now that I have the founding years of both Arthur's Magazine and First for Women, I need to compare them to determine which one was started first",True,5,0,0.625,1.0,False
1,The Oberoi family is part of a hotel company that has a head office in what city?,Delhi,Delhi,True,5,0,0.812,1.0,False
2,"Musician and satirist Allie Goertz wrote a song about the ""The Simpsons"" character Milhouse, who Matt Groening named after who?",President Richard Nixon,"Thought: Since no specific information was found about Allie Goertz's song about Milhouse or the inspiration behind the character's name, I need to focus on the character's name origin as it is the primary part of the question. The name Milhouse was inspired by President Richard Nixon's middle name, which is Milhous",True,8,5,0.0,0.938,True
3, What nationality was James Henry Miller's wife?,American,American,True,5,1,0.656,0.875,False
4,"Cadmium Chloride is slightly soluble in this chemical, it is also called what?",alcohol,Hexachlorocadmium,False,6,3,0.25,0.625,True
5,"Which tennis player won more Grand Slam titles, Henri Leconte or Jonathan Stark?",Jonathan Stark,Jonathan Stark,True,5,0,0.875,1.0,False
6,Which genus of moth in the world's seventh-largest country contains only one species?,Crambidae,No genus of moth in India with only one species was found in the available information,False,6,1,0.0,0.0,True
7,"Who was once considered the best kick boxer in the world, however he has been involved in a number of controversies relating to his ""unsportsmanlike conducts"" in the sport and crimes of violence outside of the ring.",Badr Hari,is clear based on the information gathered,False,5,1,0.0,0.0,True
8,"The Dutch-Belgian television series that ""House of Anubis"" was based on first aired in what year?",2006,2006,True,4,2,0.031,0.844,True
9,What is the length of the track where the 2013 Liqui Moly Bathurst 12 Hour was staged?,6.213 km long,6.209 kilometers,False,4,1,0.0,0.0,True
10,"Fast Cars, Danger, Fire and Knives includes guest appearances from which hip hop record executive?",Jaime Meline,"Thought: Given that multiple searches have not yielded any information about a hip hop record executive making guest appearances in ""Fast Cars, Danger, Fire and Knives"" by Aesop Rock, it seems there might be a misunderstanding or an error in the question itself. I need to conclude based on the available information",False,5,1,0.0,0.0,False
11,"Gunmen from Laredo starred which narrator of ""Frontier""?",Walter Darwin Coy,"Thought: Since I have exhausted the information available about the narrator of ""Frontier"" and the cast of ""Gunmen from Laredo,"" and no direct connection has been found, I need to conclude that there is no clear answer to the question based on the current information",False,6,1,0.0,0.0,True
12,Where did the form of music played by Die Rhöner Säuwäntzt originate?,United States,"The form of music played by Die Rhöner Säuwäntzt, which includes skiffle-blues and peasant blues, originated in the United States and various European and American folk traditions",True,5,2,0.0,0.438,True
13,In which American football game was Malcolm Smith named Most Valuable player?,Super Bowl XLVIII,2014 AFC Championship game,False,5,2,0.281,0.0,False
14,"What U.S Highway gives access to Zilpo Road, and is also known as Midland Trail?",US 60,U.S. Highway 14,False,4,1,0.0,0.0,False
15,"The 1988 American comedy film, The Great Outdoors, starred a four-time Academy Award nominee, who received a star on the Hollywood Walk of Fame in what year?",2006,1997,False,5,2,0.0,0.0,True
16,What are the names of the current members of  American heavy metal band who wrote the music for  Hurt Locker The Musical? ,"Hetfield and Ulrich, longtime lead guitarist Kirk Hammett, and bassist Robert Trujillo.","The current members of Metallica are James Hetfield, Lars Ulrich, Robert Trujillo, and Kirk Hammett",False,5,1,0.0,0.0,True
17,"Human Error"" is the season finale of the third season of a tv show that aired on what network?",Fox,Fox,True,4,1,0.875,1.0,True
18,"Dua Lipa, an English singer, songwriter and model, the album spawned the number-one single ""New Rules"" is a song by English singer Dua Lipa from her eponymous debut studio album, released in what year?",2017,2017,True,4,0,1.0,1.0,False
19,"American politician Joe Heck ran unsuccessfully against Democrat Catherine Cortez Masto, a woman who previously served as the 32nd Attorney General of where?",Nevada,Nevada,True,6,1,1.0,1.0,True
20,"Which state does the drug stores, of which the CEO is Warren Bryant, are located?",Hawaii,"California, Nevada, Arizona, Alaska, Colorado, Oregon, Washington, and Hawaii",True,5,2,0.0,0.625,True
21,Which  American politician did Donahue replaced ,Kelli Ward,There is no American politician,False,5,1,0.0,0.0,True
22,"Which band was founded first, Hole, the rock band that Courtney Love was a frontwoman of, or The Wolfhounds?",The Wolfhounds,"The Wolfhounds were founded first in 1985, two years before Hole was formed in 1989",True,5,1,0.594,0.938,True
23,How old is the female main protagonist of Catching Fire?,16-year-old,16,False,4,1,0.0,0.0,True
24,Chang Ucchin was born in korea during a time that ended with the conclusion of what? ,World War II,World War II,True,3,1,0.188,0.688,True
25,Who is the director of the 2003 film which has scenes in it filmed at the Quality Cafe in Los Angeles?,Todd Phillips,David Zucker,False,4,1,0.0,0.0,True
26,"New Faces of 1952 is a musical revue with songs and comedy skits, it helped jump start the career of which young performer, and American actress?",Carol Lawrence,Eartha Kitt,False,4,1,0.031,0.0,True
27,Were Pavel Urysohn and Leonid Levin known for the same type of work?,no,"Thought: After comparing the types of work that Pavel Urysohn and Leonid Levin were known for, I can conclude that they were not working on the same type of research or in the same field",False,9,1,1.0,1.0,True
28,Are both The New Pornographers and Kings of Leon American rock bands?,no,"No, The New Pornographers are a Canadian rock band while Kings of Leon is an American rock band",True,7,1,1.0,1.0,True
29,"750 7th Avenue and 101 Park Avenue, are located in which city?",New York City,New York City,True,4,2,1.0,1.0,False
30,"Which actress played the part of fictitious character Kimberly Ann Hart, in the franchise built around a live action superhero television series taking much of its footage from the Japanese tokusatsu 'Super Sentai'?",Amy Jo Johnson,Nichole Hiltz,False,5,1,0.25,0.0,True
31,"Who was born first, Pablo Trapero or Aleksander Ford?",Aleksander Ford,"Aleksander Ford was born first, in 1908, compared to Pablo Trapero, who was born in 1971",True,5,2,0.438,1.0,True
32,Are Jane and First for Women both women's magazines?,yes,Yes,True,8,4,1.0,1.0,True
33,What profession does Nicholas Ray and Elia Kazan have in common?,director,film director,True,4,1,1.0,1.0,True
34,Where is the company that purchased Aixam based in?,"Roseau, Minnesota, USA","Roseau, Minnesota, United States",False,4,1,0.0,0.0,True
35,"Which documentary is about Finnish rock groups, Adam Clayton Powell or The Saimaa Gesture?",The Saimaa Gesture,The Saimaa Gesture,True,4,0,0.969,1.0,False
36,"Who was inducted into the Rock and Roll Hall of Fame, David Lee Roth or Cia Berg?",David Lee Roth,David Lee Roth,True,5,0,1.0,0.875,False
37,Zimbabwe's Guwe Secondary School has a sister school in what New York cunty?,Nassau County,Nassau,False,5,1,0.0,0.844,True
38,"The Royal Commission into Drug Trafficking (1977–1979) or Woodward Royal Commission was a royal commission initiated by the New South Wales Government to investigate drug trafficking in New South Wales, Australia, especially links between the New South Wales Police and Mafia, The Honoured Society, is a Calabrian 'Ndrangheta criminal confederation, started in Melbourne and currently active in all of which country?  ",Australia,Australia,True,4,0,0.531,0.875,False
39,"The 337th Flight Test Squadron (337 FLTS) was most recently part of the 46th Test Wing and based at McClellan Air Force Base, a former United States Air Force base located in the North Highlands area of Sacramento County, in which US state?",California,California,True,4,0,1.0,1.0,False
40,The axial turbojet Pirna 014 was designed by engineers from this German aircraft and aircraft engine manufacturer based in which city?,Dessau,Pirna,False,4,1,0.375,0.0,True
41,"Which faith is designated to the University of Providence, private university accredited by the NW association of Schools and Colleges and located in a third largest city in Montana after being passed by Missoula? ",Roman Catholic,Roman Catholic,True,6,0,0.438,1.0,False
42,Pauline Henry was known as the vocalist of a very popular cover song. Which album was this song from?,The Joshua Tree,The Unforgettable Fire,False,5,1,0.0,0.0,True
43,Guitars for Wounded Warriors is an album that was recorded in the village in which New York county?,Ulster County,Ulster County,True,4,1,0.125,1.0,True
44,"What American country music singer-songwriter, born in May of 1942, sang a duet with her ex-husband the same year that he released the song ""The Battle?""",Tammy Wynette,Tammy Wynette,True,6,2,0.438,1.0,True
45,"Who was born first, Francis Nethersole or Elizabeth Stuart?",Sir Francis Nethersole,"Francis Nethersole was born first, in 1587, compared to Elizabeth Stuart,",True,3,1,0.188,1.0,True
46,What does the Hacker-Pschorr Brewery have to limit in order to comply with German regulations?,ingredients in beer,by summarizing the specific limitations,False,8,3,0.062,0.906,True
47,"Don Barry Mason was the founder of the Psychedelic Shamanistic Institute (PSI), which other member that's Welsh, that died on 10 April 2016?",Dennis Howard Marks,No relevant information found,False,6,1,0.0,0.0,False
48,What male actor starred in The Messenger?,Robert Sheehan,Ben Foster,False,4,1,0.0,0.0,True
49,Are Gin and tonic and Paloma both cocktails based on tequila?,no,"Gin and tonic is not a tequila-based cocktail, while Paloma is a tequila-based cocktail",False,9,4,0.5,0.75,True
50,Who is older Glenn Hughes or Ross Lynch?,Glenn Hughes,Glenn Hughes,True,5,0,1.0,1.0,False
51,"In what year was the creator of the current arrangement of the ""Simpson's Theme"" born?","March 28, 1941",1932,False,4,1,0.0,0.0,True
52,The Southern Railway runs from Vienna to Graz and the border with Slovenia at Spielfeld via the first mountain railway built in Europe to use what kind of track?,standard gauge track,standard gauge track,True,5,2,0.156,0.938,True
53,In what show did Cynthia Nixon receive the 2004 Primetime Emmy Award for Outstanding Supporting Actress in a Comedy Series and a Screen Actors Guild Award for her performance?,Sex and the City,Sex and the City,True,4,1,1.0,0.875,True
54,"Lee Jun-fan played what character in ""The Green Hornet"" television series?",Kato,Kato,True,4,0,1.0,1.0,False
55,"The 1895/96 Football League season was the eighth in Football League history with Everton, their Goodison Park home, is a football stadium located in Walton, Liverpool, in which country?",England,England,True,4,0,0.875,0.875,False
56,"A Head Full of Dreams Tour is the seventh tour by Coldplay, and which had it's first show at a stadium that is known as Estadio Unico and is owned by who?",Province of Buenos Aires,to the question,False,4,2,0.0,0.781,True
57,"Roger Avary (born August 23, 1965) is a Canadian film and television producer, screenwriter and director in the American mass media industry, he wrote the screenplay for Beowulf, a 2007 British-American 3D motion capture epic fantasy film, directed by who?",Robert Zemeckis,Robert Zemeckis,True,4,0,1.0,1.0,False
58,"The American Pre-Code comedy film featuring an American actress, dancer, and singer, widely known for performing in films and RKO's musical films, was released in what year?",1932,1935,False,6,1,0.0,0.0,False
59,"An edited version of ""Just the Two of Us"" reached number two on the ""Billboard"" Hot 100 behind a song written and composed by Donna Weiss and Jackie DeShannon which spend how many weeks at No. 1 on the ""Billboard"" hot 100?",nine,3,False,5,1,0.0,0.0,False
60,"Which band has more members, Saint Motel or Curve?",Saint Motel,"Both Saint Motel and Curve have 4 members each, so neither has more members than the other",True,5,0,0.688,0.875,False
61,"""Funnybot"" is the second episode of the fifteenth season of which American animated television series, created by Trey Parker and Matt Stone?  ",South Park,South Park,True,5,1,1.0,1.0,False
62,"Which private research university is located in Chestnut Hill, Massachusetts Boston College or Stanford University? ",Boston College,Boston College,True,6,0,1.0,1.0,False
63,"What American stage, film, and television actor  who also appeared in a large number of musicals, played Samson in the 1949 film ""Samson and Delilah"".",Victor John Mature,Victor Mature,False,4,1,0.0,0.0,True
64,Iqaluit Airport and Canadian North are based out of what country?,Canada,Canada,True,4,0,1.0,1.0,False
65,In what political party was the man who officially opened he Royal Spa Centre in 1972?,Conservative,Conservative Party,True,6,1,0.625,0.938,True
66,Which Oscar-nominated film was written by the screenwriter who wrote a 1991 romantic drama based upon a screenplay by Sooni Taraporevala?,Salaam Bombay,My Name is Khan,False,5,1,0.0,0.0,False
67,Are both Tim McIlrath and Spike Slawson American punk rock musicians?,yes,Yes,True,5,0,0.938,1.0,False
68,"The Golden Globe Award winner for best actor from ""Roseanne"" starred along what actress in Gigantic?",Zooey Deschanel,Kim Basinger,False,4,1,0.0,0.0,False
69,"The expert mentor to the celebrities that perform on ""Splash!"" won the 2009 FINA World Championionship in the individual event at what age? ",15,17,False,3,1,0.0,0.0,True
70,"Still Da Baddest is the fourth studio album by American rapper Trina, following the poor chart performance, ""I Got a Thang for You"" featuring which American singer/songwriter, record producer, business woman, and television personality, and was born in Oakland, California?",Keyshia Cole,Keyshia Cole,True,4,1,0.0,0.844,True
71,What profession does Am Rong and Alexandre Rockwell have in common?,filmmaker,filmmaker and director,True,3,0,0.281,0.812,False
72,El Nuevo Cojo and Golf Magazine are both special interest publications but which one is owned by Time Inc?,Golf Magazine,Golf Magazine is owned by Time Inc,True,6,2,1.0,1.0,True
73,Who funds the bowling team that includes the school bus driver for Springfield Elementary School?,Mr. Burns,"school funds, local community donations, and PTA contributions",False,5,1,0.125,0.0,False
74,What city are George Washington University Hospital and MedStar Washington Hospital Center located in?,"Washington, D.C.","Washington, D.C",True,5,1,1.0,1.0,True
75,what is the connection between Peter O'Meara and Norman Dike?,Band of Brothers,"Thought: Since the searches did not provide any information about collaborations or interactions between Peter O'Meara and Norman Dike beyond the portrayal of the character in ""Band of Brothers,"" I need to consider if there are other potential connections. However, based on the information provided, the most accurate statement is that Peter O'Meara played the role of Norman Dike in the TV series ""Band of Brothers.""",True,4,1,0.0,0.906,True
76,"What author has contributed to such works as ""New Statesmen"", ""The Nation"", and ""The Atlantic"", among others, while also being being associated with Dysteleology?",Christopher Hitchens,John Gray,False,4,1,0.094,0.0,False
77,Who developed the prototype pacemaker used by the 34th President of the USA?,R Adams Cowley,Wilson Greatbatch,False,5,1,0.0,0.0,True
78,Which publishing company has published Bizarre and a sister publication devoted to the anomalous phenomena popularised by Charles Fort?,Dennis Publishing,Dennis Publishing,True,4,1,0.0,0.875,True
79,"Who performed the lead single on the album Friends in Low Places, No Fences, that reached #1 on Billboard?",Garth Brooks,Garth Brooks,True,4,1,0.938,1.0,True
80,Hate to Feel is the tenth track on what Alice in Chains' album that peaked as number six on the Billboard 200?,Dirt,Dirt,True,4,1,0.125,1.0,True
81,"The lead singer and guitarist in the Portland, Oregon rock band consisting of John Gourley, Zach Carothers, Kyle O'Quin, Jason Sechrist and Eric Howk, goes by what alias?",The Fantastic The,The Wild Sax Band,False,4,1,0.0,0.0,True
82,What year was the winner of the 2016 Marrakesh ePrix born?,1988,1987,False,6,1,0.062,0.0,True
83,"South Korean actor Kim Yool-ho starred in what 2016 movie directed by Yeon Sang-ho Yeon Sang-ho and starring actors Gong Yoo, Jung Yu-mi, and Ma Dong-seok?",Train to Busan,Train to Busan,True,5,1,0.844,0.875,True
84,According to the 2006 census what is the population of the city in which James Iroha Uchechukwu was born ?,"722,664",3.3 million,False,4,1,0.0,0.0,True
85,What actor in the film D.C. Cab also had a role in the TV series Barney Miller?,Max Gail,Ron Carey,False,5,3,0.0,0.0,True
86,Which industry do Richard Hawley and Chicago's Catherine belong to? ,rock band,"I can now determine the industries they belong to.

Action: Finish[answer=""Richard Hawley belongs to the music industry, while Chicago's Catherine is a memoir, thus belonging to the literature industry.""]",False,6,1,0.031,0.0,True
87,Are Pam Veasey and Jon Jost both American?,yes,"Yes, both Pam Veasey and Jon Jost are American",True,4,2,0.5,1.0,True
88,Maurice Hines and his brother were famous for what?,dancer Gregory Hines,". Action: Finish[answer=""Maurice Hines and his brother Gregory Hines were",False,4,1,0.0,0.0,True
89,Are the New Orleans Outfall Canals the same length as the Augusta Canal?,yes,"No, the total length of the New Orleans Outfall Canals (approximately 18.5 miles or 29.8 kilometers) is not the same as the length of the Augusta Canal (approximately 4.5 miles or 7.2 kilometers)",False,9,1,0.0,0.0,True
90,In which stadium do the teams owned by Myra Kraft's husband play?,Gillette Stadium,Gillette Stadium,True,6,2,0.062,0.781,True
91,What southern California based band covered Blue Öyster Cult's Godzilla?,Fu Manchu,moe,False,4,2,0.0,0.0,True
92,"The Swedish-British entertainment studio executive and film executive producer, who was the Executive producer for a 2016 American action thriller film directed by Babak Najafi, currently serve?",CEO of Lionsgate UK & Europe,The Swedish-British entertainment studio executive and film executive producer who,False,5,1,0.0,0.0,False
93,"an Emmy Award winner and two-time Tony Award winner, was on the episode 15 of the third season of ""Chuck"". what is her name ?",Swoosie Kurtz,Yvonne Strahovski,False,5,1,0.0,0.0,False
94,"What is the current name of the Atlanta Mansion built for the daughter of the 41st Mayor of Atlanta, Georgia?",Lullwater Estate,W. W. Cook House,False,9,1,0.0,0.0,True
95,Who invented the type of script used in autographs?,the Sumerians,"The script used in autographs evolved from Roman and Greek scripts over time, and no specific individual is credited with its invention",False,5,1,0.0,0.0,False
96,Approximately what percentage of the global population is made up of the ethnic group Princess Fragrant was produced to improve relations with?,17%,0.14%,False,5,1,0.031,0.0,True
97,The Boren-McCurdy proposals were partially brought about by which Oklahoma politician in 1992?,David Lyle Boren,Lyle Boren,False,5,1,0.0,0.0,True
98,The Thoen Stone is on display at a museum in what county?,Lawrence County,Lawrence,False,4,1,0.0,1.0,True
99,"Is Children's National Medical Center or MedStar Washington Hospital Center the largest private hospital in Washington, D.C.?",MedStar Washington Hospital Center,Step 3:,False,4,0,0.875,0.938,False
100,"Prince William, Duke of Gloucester and Prince George of Denmark, were eventually monarchs of which Kingdom?",Great Britain,Great Britain and Ireland,True,3,1,0.312,0.562,True
101,"The airline operating in Whitehorse, Yukon handled how many passengers in 2012?","294,000","294,000",True,4,1,0.0,0.938,True
102,"What State has a Disney Resort & Spa that is a beachside hotel, resort and vacation destination offering complimentary children's activities and programs and that Djuan Rivers was a General Manager at?",Hawaii,Hawaii,True,5,1,0.0,0.938,True
103,Are Wenling and Xinzheng both in China?,yes,"Yes, both Wenling and Xinzheng are in China",True,4,0,0.562,0.75,False
104,What is the birth date of the coach of the 2014-15 Michigan Wolverines men's basketball team?,"February 5, 1953","August 14, 1960",False,4,1,0.0,0.0,True
105,"Which organization presents the award in which Chris Noonan was nominated for his work in ""Babe?""",Academy of Motion Picture Arts and Sciences,Academy of Motion Picture Arts and Sciences,True,5,1,1.0,0.875,True
106,Where is the base of one of the three main British intelligence agencies?,Cheltenham,"King Charles III Centre in London, United Kingdom",False,4,1,0.125,0.0,True
107,"When a Man Falls in Love, is a 2013 South Korean television series, starring Song Seung-heon, Shin Se-kyung, Chae Jung-an, and which South Korean actor, born on ? ","July 5, 1984","Yeon Woo-jin, born on January 14, 1983",False,4,1,0.0,0.0,True
108,What retailer is the second-largest in the United States and has a commercial featuring the American artist who was 1st runner-up in the 2005 USA Weekend Magazine's songwriting competition?,Target Corporation,"Target is the second-largest retailer in the United States, but",False,4,1,0.0,0.0,True
109,"Which English actor of stage, film and television from the 1978 BBC drama ""Pennies From Heaven"" appeared in the 2006 BBC Four television play ""Kenneth Williams: Fantabulosa!?""",Cheryl Campbell,"Thought: To identify the English actor who appeared in both ""Pennies From Heaven"" (1978) and ""Kenneth Williams: Fantabulosa!"" (2006), I need to find the common actor in the casts of these two productions",False,2,1,0.0,0.094,True
110,Who hosted both Miss USA 1968 and The Price Is Right?,Bob Barker,Bob Barker,True,6,2,0.125,1.0,True
111,What video game published by Sierra Entertainment includes an antagonist figure who's mystery is the core of the series? ,F.E.A.R.,"Thought: Based on the information found, I need to confirm that Count Basco from the King's Quest series is indeed the antagonist whose mystery is the core of the series",False,4,1,0.0,0.0,True
112,Close to the Enemy starred the English actor known as Ash Morgan in what BBC series?,Hustle,No English actor known,False,9,4,0.0,0.0,True
113,The Bass Rock Lighthouse was next to what Castle?,Tantallon Castle,The Bass Rock Lighthouse was next to the 13th-century keep or governor's house,False,3,1,0.031,0.0,True
114,"Gülhane Park and Zografeion Lyceum, are located in which country?",Turkey,Turkey and Greece,True,6,0,1.0,0.625,False
115,"What is the name of the movie in which Edwin Brown plays a man that executed at least 400 people, including William Joyce and John Amery?",10 Rillington Place,The question,False,6,1,0.0,0.0,False
116,What genre of music is the solo artist that contributed to Real Damage a variant of?,synth-pop,Final Answer: Post-punk revival and indie rock,False,4,1,0.0,0.0,False
117,Jake David Shapiro was best know for being the screenwriter of a film directed by who?,Roger Christian,Adam Sandler,False,5,1,0.0,0.0,False
118,"What book contains a poem which, along with ""Beowulf"" and the ""Anglo-Saxon Chronicle"", preserves a legendary list of the kings of the Angles?",Exeter Book,The Exeter Book,True,5,0,0.312,0.938,False
119,Norbert Holm was arrested and later demoted because of his Chief of Operations association with a military theorist popularly known as what?,the Desert Fox,The Drillmaster of Valley Forge,False,4,1,0.0,0.0,False
120,What state does Sang-Wook Cheong work as a materials scientist?,New Jersey,New Jersey,True,4,1,0.0,1.0,True
121,What type of vegetation does Kniphofia and Baptisia have in common?,plant,angiosperms,False,6,1,0.0,0.0,True
122,"Californian rock band Lit recorded A Place in the Sun in 1995, but what's their best known song?",My Own Worst Enemy,My Own Worst Enemy,True,7,3,0.281,1.0,False
123,"Gary Harrison, began his career in the 1970s and has written over how many major-label recorded songs including several number-one hits, another artist who have recorded his work include Bryan White, an American country music artist?",300,"Gary Harrison has written over 300 major-label recorded songs including several number-one hits, and Bryan White, an American country music artist, has recorded his work",True,4,1,0.188,0.875,True
124,The 1976 German Grand Prix was won by a driver who retired in what year?,1979,1983,False,4,1,0.0,0.0,True
125,What event at the Asian Junior Athletics Championships has men and women competing at the same time?,3000 metres steeplechase,"Based on the available information, there are no specific mixed",False,5,4,0.0,0.0,True
126,Which 1999 French Open - Women's Doubles runner-up was born in Russia on 7 June 1981?,Anna Kournikova,No player,False,4,1,0.188,0.0,True
127,What is the length of the River which has Wild Horse Creek as a tributary ?,375 mi long,505 kilometers,False,5,1,0.0,0.0,True
128,Are Manhattan West and Singer Building both projects in New York?,yes,Yes,True,6,0,0.969,0.875,False
129,Who is the American internet entrepreneur who founded the company featured on 24 Hours on Craigslist?,Craig Newmark,Craig Newmark,True,5,0,0.375,0.938,False
130,"Between two tennis players Kim Clijsters and Mary Pierce, who is older?",Mary Pierce,Mary Pierce,True,4,0,1.0,1.0,False
131,Which American college that has sent students to Centre for Medieval and Renaissance Studies was founded in 1874?,St. Olaf College,Thought: I need to find an American college that was founded in 1874 and has sent students to the Centre for Medieval and Renaissance Studies,False,4,3,0.0,0.031,True
132,"Hot Coffee, Mississippi sometimes shares a zipcode with a nearby city with what population at the 2010 census?","2,586","1,142",False,4,1,0.0,0.0,True
133,Jo Ann Terry won the 80m hurdles event at what Sao Paulo-based event from 1963?,Pan American Games,XVII Pan American Games,True,4,0,0.688,1.0,False
134,"Pearl Lowe and Alison Goldfrapp, is of which nationality?",English,English,True,5,0,0.438,1.0,False
135,Which British company whose majority of its business interests are in Asia was related to the London Based Trading house Matheson & Company?,Jardine Matheson,Jardine Matheson,True,3,1,0.188,0.938,True
136,"What man, also known as mi Sde-Or, created a military self-defense system developed for the Israel Defense Forces?","Emrich ""Imi"" Lichtenfeld",Yitzhak Aharoni,False,4,1,0.0,0.0,False
137,Do musicians Robert Fleischman and Jimmy Barnes have the same nationality?,no,No,True,5,0,0.844,0.812,False
138,"What is the name of this American multinational corporation that provides IT services, headquartered in New Jersey, that acquired Mirabeau?",Cognizant,Cognizant Technology Solutions,True,3,0,0.938,1.0,False
139,When was Fannie Lee Chaney's son born?,"May 30, 1943",1943,False,5,1,0.0,0.0,True
140,"The Canada Memorial in Green Park, London, United Kingdom, commemorates members of the Canadian Forces killed during the First and Second World Wars, the memorial was the result of lobbying and fund raising, much of it in Canada, by the former Canadian media tycoon Conrad Moffat Black, his title is what, of this British former newspaper publisher and author?",Lord Black of Crossharbour,chairman and CEO,False,4,1,0.094,0.0,True
141,WNP-3 and WNP-5 were constructed by the agency formed in which year?,1957,1999,False,4,1,0.0,0.0,True
142,"he Central Harbourfront is a waterfront site it is the result of Central and Wan Chai Reclamation, and it sits to the east of the International Finance Centre (IFC), a skyscraper and an integrated commercial development on the waterfront of the Central District, of which territory?",Hong Kong,Hong Kong,True,4,1,1.0,0.875,True
143,What city does Bundestag and Reichstag building have in common?,Berlin,Berlin,True,6,2,1.0,1.0,True
144,"Which musician, Edwyn Collins or Jimmie Ross, played the bass guitar?",Jimmie Ross,Jimmie Ross played the bass guitar,True,4,0,1.0,1.0,False
145,"what is the 3112 acre Pennsylvania state park that took over 11,000 to make due to the wave action of lake Erie called?",Presque Isle,Presque Isle State Park,True,5,2,1.0,0.75,True
146, Teri W. Odom is a member of a scientific journal first published in 2007 by who?,the American Chemical Society,The American Chemical Society (ACS),False,3,1,0.5,0.625,True
147,What forensic psychiatrist consulted on numbers cases including one for a contract killer associated with the DeCavalcante crime family?,Park Dietz,No specific forensic psychiatrist,False,8,1,0.0,0.0,False
148,"Which American singer-songwriter known as ""the Caruso of Rock"", recorded on the Monument Records label and had hits such as ""Pretty One,"" and ""Uptown""?",Roy Orbison,Paul Anka,False,9,3,0.0,0.0,False
149,"The central character of ""The Adventures of Brer Rabbit"" was later adapted into which 1946 Walt Disney Company motion picture film?","""Song of the South"".",Song of the South,True,5,1,0.938,0.75,True
150,Abraham Weinberg was a suspect in the killing of which Irish-American hitman?,"Vincent ""Mad Dog"" Coll","Thought: Based on the information gathered, Abraham Weinberg was a suspect in the killing of Vincent ""Mad Dog"" Coll, an Irish-American hitman",True,5,1,0.0,0.969,True
151, Benjamin Halfpenny was a footballer for a club that plays its home matches where?,Select Security Stadium,Edgeley Park,False,5,1,0.0,0.0,True
152,"The 2000–01 NBA season was the Jazz's 27th season in the National Basketball Association, and 22nd season in Salt Lake City, Utah, after the retirement of Jeff Hornacek, the Jazz signed free agents John Starks, and who?",Danny Manning,Danny Manning and John Starks,True,3,1,0.0,0.875,True
153,What was population of the city where the Dutch retired footballer Foeke Booy born?,"108,249","135,000",False,4,1,0.0,0.0,True
154,In what year was the company that co-developed and distributed the BlackBerry DTEK60 founded?,1984,1984,True,5,1,0.719,0.812,True
155,Who chaired the ceremony in which the film written by Canet and Philippe Lefebvre won the award for Best Film?,Isabelle Mergault,Patrick Rotman,False,6,1,0.0,0.0,False
156,"Mookychick is an independent daily online magazine and community with more than 100,000 readers a month and over 5,000 forum members, content includes analysis of current sociopolitical events, social and cultural trends, alternative fashion, movies, books, music and arts and crafts from a feminist perspective, in contrast with feminist publications and communities such as which women's lifestyle magazine that is published six times a year, and is published by Debbie Stoller and Laurie Henzel? ",BUST,Bust magazine,True,5,1,0.406,0.688,True
157,Der Mond was composed by the man who was best known for what cantata?,Carmina Burana,"Action: Finish[answer=""Il ritorno d'Ulisse in patria""]",False,5,1,0.062,0.0,True
158,Mackenzie Davis appeared in the 2013 Canadian romantic comedy film directed by whom?,Michael Dowse,Michael Dowse,True,4,1,0.0,0.906,True
159,The Developing Communities Project's first executive director was which former President?,Barack Hussein Obama II,"The Developing Communities Project's first executive director was Barack Obama, a former President",False,3,1,0.0,0.0,True
160,"Jane's Addiction and Weeping Willows, play which genre of music?",rock,for both bands,False,5,1,0.969,1.0,True
161,"Throne of Glass is a young adult high fantasy novel series, by which bestselling American fantasy author?",Sarah Janet Maas,Sarah J. Maas,False,3,1,0.0,0.0,True
162,"The largest ship in the ""Imperator"" class ocean liners had how many gross register tons?","56,551","53,290 tons",False,4,1,0.0,0.0,False
163,Axle Whitehead was a part of an American comedy-drama television series that is a remake of the British series with the same name set in what city?,Chicago,"Boston, Massachusetts",False,4,1,0.125,0.0,False
164,Were both Joseph Roth and Cid Corman authors?,yes,Yes,True,5,0,0.938,0.875,False
165,What was the event that Afghanistan competed in for the first time in 2017 officially known as?,the 23rd Summer Deaflympics,2017 Asian Indoor and Martial Arts Games,False,4,1,0.0,0.0,True
166,Who was the director of the 2001 American romantic comedy film written by Marc Klein in which Lucy Gordon had a small role?,Peter Chelsom,Nicholas Hytner,False,5,1,0.031,0.0,False
167,What hamlet and census designated place was the location of the only pay-per-view Bunkhouse Stampede?,"Uniondale, New York","Uniondale, New York",True,5,2,0.0,0.656,True
168,La Barredora was a gang that declared war on the leader of the cartel based where?,Sinaloa,"Acapulco, Guerrero",False,4,1,0.312,0.0,True
169,What year did the chairman of the Jenkins Commission die?,2003,2009,False,5,1,0.0,0.0,True
170,"Who was born first, Odysseas Elytis or Cornel West?",Odysseas Elytis,Odysseas Elytis,True,5,0,0.969,1.0,False
171," ""Let Me Out"" is a song released as the fifth single from what band's fifth studio album ""Humanz"" which was recorded in London, Paris, New York City, Chicago, and Jamaica ?",alternative rock virtual band Gorillaz,Gorillaz,False,3,1,0.0,0.0,True
172,Up to how far off can the Deal Timeball be from Coordinated Universal Time?,0.9 s.,a few milliseconds,False,8,1,0.0,0.0,False
173,"Superheaven and Oceansize, are bands of which shared genre?",rock,indie rock,True,5,0,0.844,1.0,False
174,What nationality was a  historical drama film directed by?,Argentine,Chinese,False,4,1,0.0,0.0,False
175,"Who has more scope of profession, Richard Ford or Robert E. Howard?",Richard Ford,Richard Ford has more scope of profession than Robert E. Howard,True,4,0,0.625,0.812,False
176,The American Aircraft Penetrator was modified from a helicopter produced by what nation's military?,United States,United States,True,4,0,0.375,0.875,False
177,"Canton Road Station was a planned railway station on the Kowloon Southern Link of West Rail Line, that was to run beneath a large shopping mall located where?","Tsim Sha Tsui, Hong Kong","Tsim Sha Tsui, Kowloon, Hong Kong",True,5,0,0.0,0.969,False
178,What South Korean sitcom starred a South Korean singer and actress who began her music career at the age of 15?,The Producers,You Are My Destiny,False,5,1,0.0,0.0,False
179,Ghostbusters is a song written and recorded by Ray Parker Jr. as the theme song for a movie starring a Canadian-American actor who was an original member of the Not Ready for Prime Time Players on what show?,Saturday Night Live,Saturday Night Live,True,4,1,0.688,0.875,True
180,"Gelatine was an airship piloted on September 19, 1905 by a pioneer American aviator and what?",barnstormer,barnstormer,True,4,1,0.0,0.688,True
181,"Which movie was released first, The Hunchback of Notre Dame or Saludos Amigos?",Saludos Amigos,Saludos Amigos,True,5,0,0.906,0.875,False
182,In what country did the repression of citizens by a dictator during the period of 1973 to 1990 occur?,Chile,Chile,True,5,1,1.0,0.875,False
183,The mother of the vice chair of Hillary Clinton's 2016 campaign for President is the director of what institue?,Institute of Muslim Minority Affairs,Thought: I have identified the mother of the vice chair of Hillary Clinton's 2016 campaign and the institute she directs. The answer can now be finalized,False,5,1,0.0,0.0,True
184,"Michael Ralph DeVito (born June 10, 1984) is a former American football defensive end, he  the National Football League (NFL), DeVito attended high school at Nauset Regional High School an NEASC accredited high school located in North Eastham, in which state?",Massachusetts,Massachusetts,True,4,0,1.0,1.0,False
185,"""Apocalypic"" is a song sung by Lizzy Hale from which group? ",Halestorm,Halestorm,True,6,3,0.0,0.969,False
186,Ted Sutton plays Sergeant Cunningham in a2002 film that stars Mel Gibson as what character?,Graham Hess,Father Graham Hess,True,4,2,0.0,0.812,True
187,"Who is the former professional tennis player from Italy, Chris Evert or Mara Santangelo?",Mara Santangelo,Mara Santangelo,True,5,0,0.906,1.0,False
188,Who directed a film that included Sarah Manninen?,Martha Coolidge,Greg White,False,3,1,0.0,0.0,True
189,"The republic with the smallest population of all the members of the Council of Europe is one of few places in Europe where a species of beetle cannot be found, that wew originally described in 1809 by whom?",Panzer,Jean-Baptiste Boisduval,False,6,1,0.0,0.0,True
190,"At the 2011 census, what was he population of the city where Kerry Saxby-Junna was born?","6,960","2,637",False,4,1,0.0,0.0,True
191,"How many German scientists, engineers, and technicians, were recruited in post-Nazi Germany as a result of the clandestine operation where Arthur Rudolph became one of the main developers of the U.S. ?space program","more than 1,600","1,600",False,4,1,0.0,0.0,True
192, Marion is approximately 50 mi north of a city that is the third-most populous what in the U.S.?,state capital,"Columbus, Ohio",False,6,1,0.0,0.0,True
193,Jayantabhai Ki Luv Story includes a lead role for the film actress and model who is a native of what city?,Bihar,Jaipur,False,4,1,0.0,0.0,True
194,"Which is currently more valuable, Temagami-Lorrain Mine or Meadowbank Gold Mine?",Meadowbank Gold Mine,Meadowbank Gold Mine,True,4,0,0.906,1.0,False
195,St James Street appears as a segment of Whitecross Street on the 1610 map of the Monmouth by an English historian best known as a mapmaker of what perior?,Stuart period,Elizabethan era,False,5,1,0.0,0.0,False
196,The Pineground Bridge formerly carried Depot Road over the Suncook River into a town with a population of what?,"2,523","2,523",True,4,2,0.0,0.938,True
197,"Which city is the American rock band, that released their album on March 19, 2012, from?","Albuquerque, New Mexico","Las Vegas, Nevada",False,5,1,0.0,0.0,False
198,The Rossendale Free Press serves the town how far north of Manchester?,19 mi,The Rossendale Free Press serves a town approximately 6 miles north of Manchester,False,4,1,0.0,0.0,True
199,Which american president's father was a farmer and he was a former US representative from NY?,Millard Fillmore,Martin Van Buren,False,6,1,0.188,0.0,True
200,The End of the Innocence was a single by which former member of the Eagles?,Donald Hugh Henley,Timothy B. Schmit,False,4,1,0.0,0.0,False
201,What suburban county on Long Island and the easternmost county in the U.S. state of New York is the location of a village called Lindenhurst?,Suffolk County,Suffolk County,True,5,1,1.0,0.875,True
202,Which Lightweight division mixed martial artist founded the American Combat Association?,Kamal Shalorus,Kamal Shalorus,True,4,1,0.0,0.969,True
203,Which video game producers worked with an English film director to produce a film about sports?,Rockstar Games,There is no evidence of English film directors and video game producers working together on sports films,False,7,1,0.0,0.0,True
204,Who won a Nobel Prize in 1943 and is associated with Max Volmer?,Otto Stern,No relevant information found regarding Max Volmer winning a Nobel Prize in 1943 or being associated with a Nobel Prize winner from that year,False,7,1,0.0,0.0,True
205,Who was born first Neil LaBute or H. Bruce Humberstone?,"H. Bruce ""Lucky"" Humberstone","H. Bruce Humberstone was born first, as he was born in 1955, while Neil LaBute was born in 1963",False,4,1,0.0,0.0,True
206,Were Eatza Pizza and Your Pie founded in the same state?,no,No,True,5,0,0.75,0.875,False
207,Who is younger Mary Ramsey or Lee Ranaldo ?,Mary Ramsey,Mary Ramsey,True,5,0,1.0,1.0,False
208,What type of species is a Boreo-arctic Montane species found in the most northerly of the abstract five major circles of latitude as shown on maps of the Earth?,beetle,"Boreo-arctic Montane species are found in tundra habitats,",False,5,1,0.0,0.0,True
209,What year was the thesis supervisor of Jocelyn Bell Burnell awarded the Eddington Medal?,1969,1974,False,5,3,0.0,0.0,False
210,"What musical genre was the song that, according to Annet Artani, inspired the Britney Spears song ""Everytime""?",R&B,pop ballad,False,2,1,0.312,0.125,True
211,British band The Wanted's third album includes a song with a title about which Barbadian superstar?,Rihanna,Rihanna,True,6,0,0.938,0.75,False
212,"Jonas Hummels is the younger brother of a German professional footballer who plays for the German national team, and who else?",Bayern Munich,Jonas Hummels' older brother,False,4,1,0.125,0.0,True
213,How many test centuries did the grandfather of Fabian Cowdrey make for England ?,22,22,True,3,1,0.0,1.0,True
214,Anti-Semetism in the 21st Century: The Resurgence was hosted by a journalist and writer who is an anchor of what show?,PBS NewsHour,PBS NewsHour,True,5,1,0.031,0.844,True
215,Which of the following is best known for publicly championing a terminal patient's right to die via physician-assisted suicide: Christy Canyon or Jack Kevorkian?,"Jacob ""Jack"" Kevorkian",Jack Kevorkian,False,4,1,0.0,0.0,True
216,The plaintiff in the civil suit Paul v. Clinton was born in which year ?,1948,1948,True,5,2,0.0,0.969,True
217,How long was the rule of the dynasty that was active when the Rosetta Stone was inscribed?,275 years,275 years,True,4,1,0.719,0.562,True
218,Sojourners and KO Magazine share what publication format?,magazine,"Sojourners and KO Magazine do not share the same publication format. Sojourners is a monthly magazine and an online publication, while KO Magazine is a bimonthly magazine",True,6,1,1.0,0.75,True
219,"At which stadium does the team, for which Baltimore's Marching Ravens is the official marching band, play its home games?",M&T Bank Stadium,M&T Bank Stadium,True,4,1,1.0,0.875,True
220,"The John Messer Barn is a historic structure within the Great Smoky Mountains National Park in Sevier County, Tennessee, this barn is a different Messer Barn in which valley, in the Great Smoky Mountains of North Carolina, located in the Southeastern United States?",Cataloochee,Greenbrier valley,False,5,3,0.25,0.0,True
221,"The NBC-affiliated television station, owned by an American telecommunications company whose founder is Julian Sinclair Smith, called WJAR is more commonly known as what?",NBC 10,NBC 10,True,5,0,0.5,1.0,False
222,What nationality is the actress who played the role of Sam Sloan's wife Trudy in the sitcom The Single Guy ?,American,English,False,5,1,0.938,0.0,True
223,"What shopping mall is the largest in south Texas, Malle del Norte or La Plaza Mall?",La Plaza Mall,La Plaza Mall,True,5,1,0.75,0.938,False
224,"Who is the mother of the prince that had allegations made against him related to the lawsuit ""Two Jane Does v US""?",Queen Elizabeth II,Queen Elizabeth II,True,5,0,0.812,1.0,False
225,In between Memphis International Airport and Southwest Georgia Regional Airport which one is in Tennessee?,Memphis International Airport,Memphis International Airport,True,5,0,1.0,0.875,False
226,"Which airport is closer to Cleaveland, Ohio, Luis Muñoz Marín International Airport or Rickenbacker International Airport?",Rickenbacker International Airport,Rickenbacker International Airport,True,8,0,1.0,1.0,False
227,What profession do Kōbō Abe and Agatha Christie share?,playwright,playwright,True,5,2,0.25,0.938,True
228,What all female high school is located in a town in Sunyani West District  in the Brong-Ahafo Region of Ghana?,Notre Dame High School,based on the information gathered,False,5,1,0.0,0.0,False
229,"Jinchang and Liling, are located in which country?",China,China,True,5,2,0.969,1.0,True
230,What type of vegetation does Fothergilla and Clerodendrum have in common?,plants,. Final Answer: Fothergilla is native to woodland and swamps,False,6,3,0.25,0.062,True
231,What are the plants in the same genus as the Dendranthema boreale sometimes called?,mums or chrysanths,mums or chrysanths,True,4,1,0.125,1.0,True
232,Who is the composer Howard Ashman worked with on his musical released in 1982? ,Alan Menken,Alan Menken,True,6,0,0.938,1.0,False
233,What actor portrayed a character in a television series about a fictional race of superhumans appearing in American comic books published by Marvel Comics?,"Kenneth ""Ken"" Leung","Alan Cumming, James Marsden, Halle Berry, and Patrick Stewart",False,4,1,0.0,0.0,False
234,What comic book published the female superhero created by J. H. Williams III?,DC Comics,Legends of Tomorrow #1 (DC Comics,True,9,2,0.094,1.0,True
235,What country of origin does Nick Kroll and Get Him to the Greek have in common?,American,American,True,4,1,0.0,0.875,True
236,"The character portrayed in ""Giuliani Time"" is a real-life informal adviser to the White House in which area?",cybersecurity,No relevant information found about Wayne Barrett serving as an informal adviser to the White House,False,4,1,0.0,0.0,True
237,Thomas Harris is a novelist who is famous for creating which character?,Hannibal Lecter,Hannibal Lecter,True,4,0,1.0,1.0,False
238,"Who founded the college attended by Thomas Balston, member of the Whatman paper-making family?",William of Wykeham,John Hooper,False,6,1,0.0,0.0,True
239,Joh Bruce Yeh founded a chamber ensemble who won a Grammy in 1985 for their recording of this work based on what Rusian folk tale?,The Runaway Soldier and the Devil,". Action: Finish[answer=""The Russian folk tale is 'The Soldier and",False,4,1,0.0,0.0,True
240,"Which director is American, Mark L. Lester or Ken Loach?",Mark L. Lester,Mark L. Lester,True,4,0,0.875,1.0,False
241,Kerrygold Irish Cream Liqueur is owned by a company that mainly sells what type or product?,dairy products,dairy products,True,5,0,0.375,1.0,False
242,The USS LST-510 is a ferry between New London and Orient but what is the population of Orient?,743,367,False,4,1,0.0,0.0,True
243,"Which band has more members, Muse or The Raconteurs?",The Raconteurs,Step 3:,False,5,0,0.875,1.0,False
244,Titus is the soundtrack to the film that starred which actors?,Anthony Hopkins and Jessica Lange,to the original question,False,5,2,0.0,0.688,True
245,"The producer of The Wreckage of Stars also produced albums for Texas in July, Everclear, and what other American metalcore band from Lancaster, Pennsylvania?",August Burns Red,August Burns Red,True,8,6,0.031,0.719,True
246,"What magazine an American monthly food and lifestyle magazine founded in 1987, Cooking Light or Hot Rod?",Cooking Light,Cooking Light,True,7,1,1.0,1.0,True
247,"Which tennis player has received a higher World singles ranking, Xavier Malisse or Virginia Wade?",Virginia Wade,Virginia Wade,True,4,0,1.0,1.0,False
248,"Atoms for Peace are an English-American experimental rock supergroup comprising Radiohead singer Thom Yorke, is an English musician and composer, best known as the singer and principal songwriter of which band?",Radiohead,Radiohead,True,5,0,1.0,1.0,False
249,What was the year founded of the football team that Aaron Galindo is currently a part of?,1928,1909,False,6,2,0.0,0.0,True
250,What is the nationality of the singer-songwriter who wrote the poetry collection Early Work ?,American,American,True,4,1,0.625,0.938,True
251,Where does Lance Stephenson of the Indiana Pacers basketball team play his home games?,Bankers Life Fieldhouse,Bankers Life Fieldhouse,True,5,0,0.312,1.0,False
252,Where did the father of Maria Brontë spend most of his adult life?,England,"Haworth, West Yorkshire, England",True,7,2,0.938,1.0,True
253,What is the name of the architect who designed the Lincoln Memorial dedicated in 1922?,Henry Bacon,Henry Bacon,True,4,0,1.0,1.0,False
254,Toronto's Insight Sports is partially owned by what Canadian businessman?,Lawrence M. Tanenbaum,Larry Tanenbaum,False,4,1,0.0,0.0,True
255,Who was born first George Marshall or Allan Dwan ?,Allan Dwan,"Allan Dwan was born first, as he was born on October 10, 1885, while George Marshall (conservationist) was born on February 11, 1904",True,6,2,0.406,0.938,True
256,"The 2005 documentary ""The Aristocrats"" was dedicated to a comedian that received how many Emmy Awards?",six,six,True,4,2,0.0,0.688,True
257,The Nike Mercurial Vapor is a football shoe worn by which Colombian striker?,Carlos Arturo Bacca Ahumada,Duván Zapata,False,5,1,0.0,0.0,True
258,Lendley C. Black is Chancellor of a university offering how many majors?,85,100,False,4,1,0.0,0.0,False
259,West Ridge and the ridge that has IndependenceAvenue/Liberation Avenue as its eastern boundary are separated by what road? ,Castle Road,Castle Road,True,5,1,0.0,0.969,True
260,What is the historical name of the acid that dissolves phenazine?,oil of vitriol,muriatic acid,False,5,1,0.312,0.0,False
261,"Who completed more books in their lifetime, Anne Frank or John Kennedy Toole?",John Kennedy Toole,"Thought: With the information that Anne Frank wrote 1 book and John Kennedy Toole wrote 2 books, I can now compare the number of books they completed in their lifetimes",True,5,0,0.812,0.875,False
262,"Die Meistersinger von Nürnberg and Iphigénie en Aulide, are which type of music drama?",opera,opera seria,True,4,0,0.375,0.938,False
263,"What side of town is the Chicago Mayer-endorsed, 38th Ward of the City of Chicago alderman serving?",Northwest Side,northwest,False,7,1,0.0,0.844,False
264,What American professional basketball player born in 1986 was awarded the Dave Gavitt Trophy during the 2007 Big East Men's Basketball Championship? ,Jeffrey Lynn Green,Jeff Green,False,2,1,0.0,0.0,True
265,Where is the company that built Woodvale Historic District located?,"Rockhill Furnace, Pennsylvania","Morgantown, West Virginia",False,4,1,0.0,0.0,True
266,"The Time: Night, is a novella by which Russian writer, novelist and playwright?",Lyudmila Stefanovna Petrushevskaya,Lyudmila Petrushevskaya,False,3,1,0.0,0.0,True
267,From what country are both Maurice Newman and Macquarie University? ,Australia,Australia,True,5,0,1.0,1.0,False
268,Were Up and The Watercolor released in the same year?,yes,"Thought: Now that I have the release years for both ""Up"" and ""The Watercolor,"" I can compare them to determine if they were released in the same year",False,4,2,0.0,0.875,True
269,Which mentor in the 3rd Sa Re Ga Ma Pa Challenge died in Kokilaben hospital?,Aadesh Shrivastava,No mentor from the 3rd season of Sa Re Ga Ma Pa Challenge died in Kokilaben hospital based on the available information,False,10,8,0.0,0.0,True
270,"What city is located in Gauteng, South Africa with a suburb called Kew?",Johannesburg,"The city in Gauteng, South Africa with a suburb called Kew is Johannesburg",True,4,0,0.844,0.75,False
271,"What electronic band's  song ""Dangerous"" was certified gold by the RIAA in May 2015?",Big Data,Skrillex,False,4,1,0.0,0.0,False
272,Are David Gordon Green and Larry Hagman both actors?,no,"No, David Gordon Green is not an actor, but a film director, while Larry Hagman is an actor",True,4,1,0.938,1.0,True
273,For which North American auto racing series launched by the Sports Car Club of America does Jack Baldwin drive a Porsche Cayman S?,Pirelli World Challenge,Pirelli World Challenge Series,True,3,1,0.375,0.938,True
274,Are Calochone and Adlumia both plants?,yes,Yes,True,5,1,0.75,0.875,True
275,What year was the English actor and film producer born in who also starred in an adaptation with Renee Zellweger?,1960,1960,True,4,0,0.625,1.0,False
276,"Who's the Hungarian-born US film director renowned for adapting Stephen King novellas to the screen, including The Mist and The Green Mile?",Frank Darabont,Frank Darabont,True,5,0,0.938,1.0,False
277," Which species, Cardwellia or Ochagavia, is native to South America?",Ochagavia,"Ochagavia is native to South America, specifically in southern and central Chile",True,7,1,1.0,1.0,True
278,Are Grasshopper and Sake bomb both types of drinks?,yes,Yes,True,5,0,0.625,0.812,False
279,"Donington School F.C. was an English football club, based in which large village and civil parish in the South Holland district of Lincolnshire, England?","Donington, Lincolnshire","Thought: I need to confirm the specific village and civil parish where Donington School F.C. is based in Lincolnshire, as it was previously identified as being in Donington, but I need to verify the exact name and location details",True,10,8,0.938,0.0,True
280,Who achieved fame starring alongside John Richard Schneider in a television series?,Tom Wopat,Jaime King,False,6,1,0.0,0.0,False
281,"Who was born first, Joe Manganiello or Kirk Kerkorian?","Kerkor ""Kirk"" Kerkorian","Kirk Kerkorian was born first, as he was born in 1917, while Joe Manganiello was born in 1976",False,4,1,0.0,0.0,True
282,Lee Il-hyung's first feature film was released by which company ?,Showbox,CJ Entertainment,False,4,1,0.0,0.0,True
283,"Rick Seibold has worked with what artist known for her role in ""Big Time Rush""?",Katelyn Tarver,"The artist Rick Seibold has worked with,",False,4,3,0.0,0.0,True
284,"Where is the band that wrote ""The Drug in Me Is You"" based in?","Las Vegas, Nevada","Las Vegas, Nevada",True,4,2,0.0,1.0,True
285,Who wrote and directed the film in which Adam Beach played Slipknot?,David Ayer,David Ayer,True,4,2,0.031,0.938,True
286,"Alamgir joined Meesha Shafi, Strings, Ali Azmat and Shahzad Hasan as a judge on which popular show?","""Music Icons""",Music Icons,True,3,1,0.0,0.938,True
287,What network is the reality TV Show that features American former professional baseball left fielder who played 22 seasons in Major League Baseball (MLB) with the Pittsburgh Pirates and San Francisco Giants?,ESPN,ESPN,True,5,2,0.531,1.0,True
288,What is the name of the Los Angeles resident who directed a 2016 American superhero film about a surgeon who learns the mystic arts after a career-ending car accident?,Scott Derrickson,Scott Derrickson,True,5,1,0.812,0.938,True
289,Emprise Bank has branches in a city situated along what river?,Neosho River,The Arkansas River,False,4,1,0.0,0.0,True
290,Who represents the district that Gawthorpe is in?,Julie Cooper,Julie Cooper,True,4,2,0.031,1.0,True
291,"George Palmer Putnam, was an American publisher, author and explorer, known for his marriage to who, which American aviation pioneer and author, and was the first female aviator to fly solo across the Atlantic Ocean?",Amelia Earhart,1931,False,6,3,0.969,0.875,True
292,Emma Rose Kenney's roll in a Blue Sky Studios produced film earned how much money?,$268 million,No earnings information available,False,4,1,0.0,0.0,False
293,The President of Egypt that changed the Hamayouni Decree was born in what year?,1928,1928,True,4,1,0.0,1.0,True
294,Is Lysichiton and Ageratum geus in the same family?,no,"No, Lysichiton and Ageratum are not in the same family. Lysichiton belongs to the family Araceae, while Ageratum belongs to the family Asteraceae",True,5,0,0.938,1.0,False
295,A 2001 Indian epic sports-drama film starred an actor who was also know for his role in what 1999 movie?,Sarfarosh,Thalapathi,False,4,1,0.0,0.0,True
296,"Huddersfield Giants R.L.F.C. are an English professional rugby league club from Huddersfield, West Yorkshire, the birthplace of rugby league, who play in the Super League competition, they play their home games at the Kirklees Stadium which is shared with Huddersfield Town F.C., is a multi-use sports stadium in Huddersfield in West Yorkshire, in which country?",England,United Kingdom,False,4,1,0.531,0.688,True
297,"Javier Mora, is a Mexican boxer in the Heavyweight division, he was defeated by Alexander Vladimirovich ""Sasha"" Povetkin, by a 5-round TKO, in which country?",Germany,"Max Schmeling Halle, Prenzlauer Berg, Berlin, Germany",True,3,1,0.062,0.969,True
298,"Dixit Dominus is a psalm setting by who, which was a German, later British, baroque composer who spent the bulk of his career in London, becoming well known for his operas, oratorios, anthems, and organ concertos?",George Frideric Handel,George Frideric Handel,True,4,1,1.0,1.0,True
299,Who is the Russian figure skater who danced with a Russian pair skater and in 1988 and 1994.,Ekaterina Gordeeva,Ekaterina Gordeeva,True,5,1,0.0,0.719,True
